{
  "next" : {
    "transaction" : "next",
    "sampleCount" : 10,
    "errorCount" : 0,
    "errorPct" : 0.0,
    "meanResTime" : 13152.500000000002,
    "medianResTime" : 13273.5,
    "minResTime" : 10347.0,
    "maxResTime" : 15875.0,
    "pct1ResTime" : 15800.0,
    "pct2ResTime" : 15875.0,
    "pct3ResTime" : 15875.0,
    "throughput" : 0.303425675880693,
    "receivedKBytesPerSec" : 27.30436985124556,
    "sentKBytesPerSec" : 13.572017135965044
  },
  "delivery" : {
    "transaction" : "delivery",
    "sampleCount" : 10,
    "errorCount" : 0,
    "errorPct" : 0.0,
    "meanResTime" : 8933.800000000001,
    "medianResTime" : 8742.0,
    "minResTime" : 7470.0,
    "maxResTime" : 10954.0,
    "pct1ResTime" : 10889.0,
    "pct2ResTime" : 10954.0,
    "pct3ResTime" : 10954.0,
    "throughput" : 0.37441964954320806,
    "receivedKBytesPerSec" : 21.569277580687437,
    "sentKBytesPerSec" : 23.03576672953797
  },
  "Address" : {
    "transaction" : "Address",
    "sampleCount" : 10,
    "errorCount" : 0,
    "errorPct" : 0.0,
    "meanResTime" : 8623.1,
    "medianResTime" : 8350.0,
    "minResTime" : 7068.0,
    "maxResTime" : 10250.0,
    "pct1ResTime" : 10215.5,
    "pct2ResTime" : 10250.0,
    "pct3ResTime" : 10250.0,
    "throughput" : 0.3948667324777887,
    "receivedKBytesPerSec" : 21.927828849950643,
    "sentKBytesPerSec" : 24.43804756910168
  },
  "Test" : {
    "transaction" : "Test",
    "sampleCount" : 10,
    "errorCount" : 4,
    "errorPct" : 40.0,
    "meanResTime" : 113705.7,
    "medianResTime" : 115055.5,
    "minResTime" : 98333.0,
    "maxResTime" : 118076.0,
    "pct1ResTime" : 118069.9,
    "pct2ResTime" : 118076.0,
    "pct3ResTime" : 118076.0,
    "throughput" : 0.07970286770918017,
    "receivedKBytesPerSec" : 141.55237866981892,
    "sentKBytesPerSec" : 33.692667174274305
  },
  "Total" : {
    "transaction" : "Total",
    "sampleCount" : 150,
    "errorCount" : 5,
    "errorPct" : 3.3333333,
    "meanResTime" : 7580.380000000003,
    "medianResTime" : 7600.5,
    "minResTime" : 13.0,
    "maxResTime" : 16222.0,
    "pct1ResTime" : 13527.7,
    "pct2ResTime" : 15046.899999999998,
    "pct3ResTime" : 16173.04,
    "throughput" : 1.1962867260024883,
    "receivedKBytesPerSec" : 141.64043403027003,
    "sentKBytesPerSec" : 33.71362634133649
  },
  "shoppingSite" : {
    "transaction" : "shoppingSite",
    "sampleCount" : 10,
    "errorCount" : 0,
    "errorPct" : 0.0,
    "meanResTime" : 8586.2,
    "medianResTime" : 8430.5,
    "minResTime" : 8101.0,
    "maxResTime" : 9504.0,
    "pct1ResTime" : 9451.3,
    "pct2ResTime" : 9504.0,
    "pct3ResTime" : 9504.0,
    "throughput" : 0.5778676683039584,
    "receivedKBytesPerSec" : 744.8688285538861,
    "sentKBytesPerSec" : 27.79927224790523
  },
  "deleteOneItem" : {
    "transaction" : "deleteOneItem",
    "sampleCount" : 10,
    "errorCount" : 1,
    "errorPct" : 10.0,
    "meanResTime" : 3840.1000000000004,
    "medianResTime" : 4229.0,
    "minResTime" : 13.0,
    "maxResTime" : 5486.0,
    "pct1ResTime" : 5437.900000000001,
    "pct2ResTime" : 5486.0,
    "pct3ResTime" : 5486.0,
    "throughput" : 0.45275501426178294,
    "receivedKBytesPerSec" : 4.360817802893105,
    "sentKBytesPerSec" : 0.334879538869018
  },
  "SignIn" : {
    "transaction" : "SignIn",
    "sampleCount" : 10,
    "errorCount" : 0,
    "errorPct" : 0.0,
    "meanResTime" : 14167.0,
    "medianResTime" : 14238.0,
    "minResTime" : 11919.0,
    "maxResTime" : 15516.0,
    "pct1ResTime" : 15501.6,
    "pct2ResTime" : 15516.0,
    "pct3ResTime" : 15516.0,
    "throughput" : 0.30885168941874114,
    "receivedKBytesPerSec" : 18.901572585937984,
    "sentKBytesPerSec" : 18.445594085876213
  },
  "paymentOption" : {
    "transaction" : "paymentOption",
    "sampleCount" : 10,
    "errorCount" : 2,
    "errorPct" : 20.0,
    "meanResTime" : 8218.699999999999,
    "medianResTime" : 8640.5,
    "minResTime" : 197.0,
    "maxResTime" : 10811.0,
    "pct1ResTime" : 10796.3,
    "pct2ResTime" : 10811.0,
    "pct3ResTime" : 10811.0,
    "throughput" : 0.37550223423829376,
    "receivedKBytesPerSec" : 16.73185150764147,
    "sentKBytesPerSec" : 18.217285541286472
  },
  "addToCart" : {
    "transaction" : "addToCart",
    "sampleCount" : 60,
    "errorCount" : 0,
    "errorPct" : 0.0,
    "meanResTime" : 4438.1833333333325,
    "medianResTime" : 4571.0,
    "minResTime" : 1435.0,
    "maxResTime" : 6445.0,
    "pct1ResTime" : 5932.0,
    "pct2ResTime" : 6245.25,
    "pct3ResTime" : 6445.0,
    "throughput" : 1.5228426395939085,
    "receivedKBytesPerSec" : 3.02089942893401,
    "sentKBytesPerSec" : 1.160572652284264
  },
  "proceedToCheckOut" : {
    "transaction" : "proceedToCheckOut",
    "sampleCount" : 10,
    "errorCount" : 0,
    "errorPct" : 0.0,
    "meanResTime" : 10076.0,
    "medianResTime" : 9972.0,
    "minResTime" : 8508.0,
    "maxResTime" : 11057.0,
    "pct1ResTime" : 11034.8,
    "pct2ResTime" : 11057.0,
    "pct3ResTime" : 11057.0,
    "throughput" : 0.35134565385426186,
    "receivedKBytesPerSec" : 41.34233528476565,
    "sentKBytesPerSec" : 15.729820407473122
  },
  "orderConfirm" : {
    "transaction" : "orderConfirm",
    "sampleCount" : 10,
    "errorCount" : 2,
    "errorPct" : 20.0,
    "meanResTime" : 11479.200000000003,
    "medianResTime" : 12295.5,
    "minResTime" : 431.0,
    "maxResTime" : 16222.0,
    "pct1ResTime" : 16212.4,
    "pct2ResTime" : 16222.0,
    "pct3ResTime" : 16222.0,
    "throughput" : 0.3518029903254178,
    "receivedKBytesPerSec" : 13.691595206684257,
    "sentKBytesPerSec" : 16.942509069920845
  }
}